drug,usage,dosage,side_effects
Paracetamol,General therapeutic medication,50 mg once or twice daily,"nausea, dizziness"
Ibuprofen,General therapeutic medication,50 mg once or twice daily,"stomach pain, nausea"
Amoxicillin,General therapeutic medication,500 mg once or twice daily,"headache, dry mouth"
Warfarin,General therapeutic medication,250 mg once or twice daily,"fatigue, mild rash"
Aspirin,General therapeutic medication,250 mg once or twice daily,"stomach pain, nausea"
Metformin,General therapeutic medication,250 mg once or twice daily,"fatigue, mild rash"
Omeprazole,General therapeutic medication,100 mg once or twice daily,"stomach pain, nausea"
Loratadine,General therapeutic medication,500 mg once or twice daily,"headache, dry mouth"
Ciprofloxacin,General therapeutic medication,50 mg once or twice daily,"dizziness, blurred vision"
Azithromycin,General therapeutic medication,500 mg once or twice daily,"nausea, dizziness"
Atorvastatin,General therapeutic medication,50 mg once or twice daily,"stomach pain, nausea"
Simvastatin,General therapeutic medication,100 mg once or twice daily,"fatigue, mild rash"
Losartan,General therapeutic medication,500 mg once or twice daily,"dizziness, blurred vision"
Amlodipine,General therapeutic medication,200 mg once or twice daily,"headache, dry mouth"
Hydrochlorothiazide,General therapeutic medication,250 mg once or twice daily,"stomach pain, nausea"
Prednisone,General therapeutic medication,250 mg once or twice daily,"fatigue, mild rash"
Cetirizine,General therapeutic medication,250 mg once or twice daily,"headache, dry mouth"
Clarithromycin,General therapeutic medication,500 mg once or twice daily,"fatigue, mild rash"
Doxycycline,General therapeutic medication,200 mg once or twice daily,"stomach pain, nausea"
Insulin,General therapeutic medication,50 mg once or twice daily,"dizziness, blurred vision"
Drug_21,General therapeutic medication,200 mg once or twice daily,"dizziness, blurred vision"
Drug_22,General therapeutic medication,200 mg once or twice daily,"dizziness, blurred vision"
Drug_23,General therapeutic medication,100 mg once or twice daily,"stomach pain, nausea"
Drug_24,General therapeutic medication,200 mg once or twice daily,"stomach pain, nausea"
Drug_25,General therapeutic medication,200 mg once or twice daily,"headache, dry mouth"
Drug_26,General therapeutic medication,100 mg once or twice daily,"headache, dry mouth"
Drug_27,General therapeutic medication,250 mg once or twice daily,"stomach pain, nausea"
Drug_28,General therapeutic medication,200 mg once or twice daily,"stomach pain, nausea"
Drug_29,General therapeutic medication,100 mg once or twice daily,"headache, dry mouth"
Drug_30,General therapeutic medication,500 mg once or twice daily,"nausea, dizziness"
Drug_31,General therapeutic medication,250 mg once or twice daily,"headache, dry mouth"
Drug_32,General therapeutic medication,50 mg once or twice daily,"headache, dry mouth"
Drug_33,General therapeutic medication,100 mg once or twice daily,"dizziness, blurred vision"
Drug_34,General therapeutic medication,50 mg once or twice daily,"fatigue, mild rash"
Drug_35,General therapeutic medication,500 mg once or twice daily,"headache, dry mouth"
Drug_36,General therapeutic medication,50 mg once or twice daily,"fatigue, mild rash"
Drug_37,General therapeutic medication,500 mg once or twice daily,"headache, dry mouth"
Drug_38,General therapeutic medication,200 mg once or twice daily,"stomach pain, nausea"
Drug_39,General therapeutic medication,250 mg once or twice daily,"nausea, dizziness"
Drug_40,General therapeutic medication,200 mg once or twice daily,"fatigue, mild rash"
Drug_41,General therapeutic medication,200 mg once or twice daily,"headache, dry mouth"
Drug_42,General therapeutic medication,50 mg once or twice daily,"stomach pain, nausea"
Drug_43,General therapeutic medication,250 mg once or twice daily,"fatigue, mild rash"
Drug_44,General therapeutic medication,100 mg once or twice daily,"nausea, dizziness"
Drug_45,General therapeutic medication,50 mg once or twice daily,"dizziness, blurred vision"
Drug_46,General therapeutic medication,500 mg once or twice daily,"stomach pain, nausea"
Drug_47,General therapeutic medication,50 mg once or twice daily,"nausea, dizziness"
Drug_48,General therapeutic medication,200 mg once or twice daily,"stomach pain, nausea"
Drug_49,General therapeutic medication,100 mg once or twice daily,"fatigue, mild rash"
Drug_50,General therapeutic medication,200 mg once or twice daily,"nausea, dizziness"
Drug_51,General therapeutic medication,50 mg once or twice daily,"dizziness, blurred vision"
Drug_52,General therapeutic medication,250 mg once or twice daily,"dizziness, blurred vision"
Drug_53,General therapeutic medication,50 mg once or twice daily,"dizziness, blurred vision"
Drug_54,General therapeutic medication,50 mg once or twice daily,"fatigue, mild rash"
Drug_55,General therapeutic medication,500 mg once or twice daily,"nausea, dizziness"
Drug_56,General therapeutic medication,50 mg once or twice daily,"stomach pain, nausea"
Drug_57,General therapeutic medication,250 mg once or twice daily,"fatigue, mild rash"
Drug_58,General therapeutic medication,500 mg once or twice daily,"nausea, dizziness"
Drug_59,General therapeutic medication,50 mg once or twice daily,"dizziness, blurred vision"
Drug_60,General therapeutic medication,250 mg once or twice daily,"fatigue, mild rash"
Drug_61,General therapeutic medication,100 mg once or twice daily,"dizziness, blurred vision"
Drug_62,General therapeutic medication,500 mg once or twice daily,"stomach pain, nausea"
Drug_63,General therapeutic medication,50 mg once or twice daily,"fatigue, mild rash"
Drug_64,General therapeutic medication,100 mg once or twice daily,"nausea, dizziness"
Drug_65,General therapeutic medication,200 mg once or twice daily,"fatigue, mild rash"
Drug_66,General therapeutic medication,100 mg once or twice daily,"fatigue, mild rash"
Drug_67,General therapeutic medication,100 mg once or twice daily,"headache, dry mouth"
Drug_68,General therapeutic medication,100 mg once or twice daily,"headache, dry mouth"
Drug_69,General therapeutic medication,50 mg once or twice daily,"dizziness, blurred vision"
Drug_70,General therapeutic medication,100 mg once or twice daily,"headache, dry mouth"
Drug_71,General therapeutic medication,250 mg once or twice daily,"headache, dry mouth"
Drug_72,General therapeutic medication,250 mg once or twice daily,"dizziness, blurred vision"
Drug_73,General therapeutic medication,250 mg once or twice daily,"headache, dry mouth"
Drug_74,General therapeutic medication,50 mg once or twice daily,"stomach pain, nausea"
Drug_75,General therapeutic medication,200 mg once or twice daily,"stomach pain, nausea"
Drug_76,General therapeutic medication,200 mg once or twice daily,"headache, dry mouth"
Drug_77,General therapeutic medication,250 mg once or twice daily,"dizziness, blurred vision"
Drug_78,General therapeutic medication,250 mg once or twice daily,"fatigue, mild rash"
Drug_79,General therapeutic medication,50 mg once or twice daily,"fatigue, mild rash"
Drug_80,General therapeutic medication,250 mg once or twice daily,"headache, dry mouth"
Drug_81,General therapeutic medication,250 mg once or twice daily,"fatigue, mild rash"
Drug_82,General therapeutic medication,200 mg once or twice daily,"headache, dry mouth"
Drug_83,General therapeutic medication,50 mg once or twice daily,"nausea, dizziness"
Drug_84,General therapeutic medication,50 mg once or twice daily,"nausea, dizziness"
Drug_85,General therapeutic medication,500 mg once or twice daily,"dizziness, blurred vision"
Drug_86,General therapeutic medication,250 mg once or twice daily,"dizziness, blurred vision"
Drug_87,General therapeutic medication,500 mg once or twice daily,"stomach pain, nausea"
Drug_88,General therapeutic medication,200 mg once or twice daily,"dizziness, blurred vision"
Drug_89,General therapeutic medication,100 mg once or twice daily,"nausea, dizziness"
Drug_90,General therapeutic medication,200 mg once or twice daily,"headache, dry mouth"
Drug_91,General therapeutic medication,500 mg once or twice daily,"headache, dry mouth"
Drug_92,General therapeutic medication,100 mg once or twice daily,"nausea, dizziness"
Drug_93,General therapeutic medication,100 mg once or twice daily,"stomach pain, nausea"
Drug_94,General therapeutic medication,200 mg once or twice daily,"nausea, dizziness"
Drug_95,General therapeutic medication,50 mg once or twice daily,"dizziness, blurred vision"
Drug_96,General therapeutic medication,100 mg once or twice daily,"nausea, dizziness"
Drug_97,General therapeutic medication,50 mg once or twice daily,"headache, dry mouth"
Drug_98,General therapeutic medication,50 mg once or twice daily,"nausea, dizziness"
Drug_99,General therapeutic medication,200 mg once or twice daily,"dizziness, blurred vision"
Drug_100,General therapeutic medication,200 mg once or twice daily,"stomach pain, nausea"
Drug_101,General therapeutic medication,500 mg once or twice daily,"dizziness, blurred vision"
Drug_102,General therapeutic medication,500 mg once or twice daily,"dizziness, blurred vision"
Drug_103,General therapeutic medication,100 mg once or twice daily,"fatigue, mild rash"
Drug_104,General therapeutic medication,50 mg once or twice daily,"nausea, dizziness"
Drug_105,General therapeutic medication,200 mg once or twice daily,"dizziness, blurred vision"
Drug_106,General therapeutic medication,100 mg once or twice daily,"nausea, dizziness"
Drug_107,General therapeutic medication,50 mg once or twice daily,"headache, dry mouth"
Drug_108,General therapeutic medication,100 mg once or twice daily,"dizziness, blurred vision"
Drug_109,General therapeutic medication,100 mg once or twice daily,"stomach pain, nausea"
Drug_110,General therapeutic medication,200 mg once or twice daily,"headache, dry mouth"
Drug_111,General therapeutic medication,200 mg once or twice daily,"headache, dry mouth"
Drug_112,General therapeutic medication,50 mg once or twice daily,"headache, dry mouth"
Drug_113,General therapeutic medication,100 mg once or twice daily,"headache, dry mouth"
Drug_114,General therapeutic medication,100 mg once or twice daily,"fatigue, mild rash"
Drug_115,General therapeutic medication,200 mg once or twice daily,"headache, dry mouth"
Drug_116,General therapeutic medication,250 mg once or twice daily,"headache, dry mouth"
Drug_117,General therapeutic medication,250 mg once or twice daily,"dizziness, blurred vision"
Drug_118,General therapeutic medication,250 mg once or twice daily,"headache, dry mouth"
Drug_119,General therapeutic medication,250 mg once or twice daily,"fatigue, mild rash"
Drug_120,General therapeutic medication,250 mg once or twice daily,"headache, dry mouth"
Drug_121,General therapeutic medication,250 mg once or twice daily,"dizziness, blurred vision"
Drug_122,General therapeutic medication,200 mg once or twice daily,"fatigue, mild rash"
Drug_123,General therapeutic medication,100 mg once or twice daily,"fatigue, mild rash"
Drug_124,General therapeutic medication,500 mg once or twice daily,"stomach pain, nausea"
Drug_125,General therapeutic medication,250 mg once or twice daily,"headache, dry mouth"
Drug_126,General therapeutic medication,500 mg once or twice daily,"stomach pain, nausea"
Drug_127,General therapeutic medication,100 mg once or twice daily,"nausea, dizziness"
Drug_128,General therapeutic medication,250 mg once or twice daily,"dizziness, blurred vision"
Drug_129,General therapeutic medication,200 mg once or twice daily,"stomach pain, nausea"
Drug_130,General therapeutic medication,50 mg once or twice daily,"stomach pain, nausea"
Drug_131,General therapeutic medication,250 mg once or twice daily,"headache, dry mouth"
Drug_132,General therapeutic medication,500 mg once or twice daily,"stomach pain, nausea"
Drug_133,General therapeutic medication,250 mg once or twice daily,"headache, dry mouth"
Drug_134,General therapeutic medication,250 mg once or twice daily,"dizziness, blurred vision"
Drug_135,General therapeutic medication,100 mg once or twice daily,"nausea, dizziness"
Drug_136,General therapeutic medication,250 mg once or twice daily,"stomach pain, nausea"
Drug_137,General therapeutic medication,250 mg once or twice daily,"fatigue, mild rash"
Drug_138,General therapeutic medication,100 mg once or twice daily,"fatigue, mild rash"
Drug_139,General therapeutic medication,100 mg once or twice daily,"stomach pain, nausea"
Drug_140,General therapeutic medication,500 mg once or twice daily,"nausea, dizziness"
Drug_141,General therapeutic medication,500 mg once or twice daily,"dizziness, blurred vision"
Drug_142,General therapeutic medication,250 mg once or twice daily,"nausea, dizziness"
Drug_143,General therapeutic medication,200 mg once or twice daily,"dizziness, blurred vision"
Drug_144,General therapeutic medication,100 mg once or twice daily,"nausea, dizziness"
Drug_145,General therapeutic medication,100 mg once or twice daily,"stomach pain, nausea"
Drug_146,General therapeutic medication,200 mg once or twice daily,"dizziness, blurred vision"
Drug_147,General therapeutic medication,200 mg once or twice daily,"stomach pain, nausea"
Drug_148,General therapeutic medication,500 mg once or twice daily,"dizziness, blurred vision"
Drug_149,General therapeutic medication,250 mg once or twice daily,"stomach pain, nausea"
Drug_150,General therapeutic medication,500 mg once or twice daily,"stomach pain, nausea"
Drug_151,General therapeutic medication,200 mg once or twice daily,"dizziness, blurred vision"
Drug_152,General therapeutic medication,250 mg once or twice daily,"nausea, dizziness"
Drug_153,General therapeutic medication,50 mg once or twice daily,"fatigue, mild rash"
Drug_154,General therapeutic medication,500 mg once or twice daily,"nausea, dizziness"
Drug_155,General therapeutic medication,100 mg once or twice daily,"headache, dry mouth"
Drug_156,General therapeutic medication,200 mg once or twice daily,"stomach pain, nausea"
Drug_157,General therapeutic medication,100 mg once or twice daily,"dizziness, blurred vision"
Drug_158,General therapeutic medication,250 mg once or twice daily,"fatigue, mild rash"
Drug_159,General therapeutic medication,250 mg once or twice daily,"nausea, dizziness"
Drug_160,General therapeutic medication,250 mg once or twice daily,"headache, dry mouth"
Drug_161,General therapeutic medication,500 mg once or twice daily,"fatigue, mild rash"
Drug_162,General therapeutic medication,200 mg once or twice daily,"headache, dry mouth"
Drug_163,General therapeutic medication,500 mg once or twice daily,"stomach pain, nausea"
Drug_164,General therapeutic medication,50 mg once or twice daily,"headache, dry mouth"
Drug_165,General therapeutic medication,250 mg once or twice daily,"nausea, dizziness"
Drug_166,General therapeutic medication,250 mg once or twice daily,"stomach pain, nausea"
Drug_167,General therapeutic medication,100 mg once or twice daily,"stomach pain, nausea"
Drug_168,General therapeutic medication,50 mg once or twice daily,"dizziness, blurred vision"
Drug_169,General therapeutic medication,200 mg once or twice daily,"stomach pain, nausea"
Drug_170,General therapeutic medication,250 mg once or twice daily,"fatigue, mild rash"
Drug_171,General therapeutic medication,100 mg once or twice daily,"stomach pain, nausea"
Drug_172,General therapeutic medication,250 mg once or twice daily,"headache, dry mouth"
Drug_173,General therapeutic medication,500 mg once or twice daily,"nausea, dizziness"
Drug_174,General therapeutic medication,200 mg once or twice daily,"stomach pain, nausea"
Drug_175,General therapeutic medication,250 mg once or twice daily,"dizziness, blurred vision"
Drug_176,General therapeutic medication,200 mg once or twice daily,"stomach pain, nausea"
Drug_177,General therapeutic medication,100 mg once or twice daily,"dizziness, blurred vision"
Drug_178,General therapeutic medication,100 mg once or twice daily,"nausea, dizziness"
Drug_179,General therapeutic medication,250 mg once or twice daily,"fatigue, mild rash"
Drug_180,General therapeutic medication,100 mg once or twice daily,"nausea, dizziness"
Drug_181,General therapeutic medication,100 mg once or twice daily,"fatigue, mild rash"
Drug_182,General therapeutic medication,100 mg once or twice daily,"stomach pain, nausea"
Drug_183,General therapeutic medication,100 mg once or twice daily,"stomach pain, nausea"
Drug_184,General therapeutic medication,200 mg once or twice daily,"stomach pain, nausea"
Drug_185,General therapeutic medication,200 mg once or twice daily,"dizziness, blurred vision"
Drug_186,General therapeutic medication,250 mg once or twice daily,"headache, dry mouth"
Drug_187,General therapeutic medication,100 mg once or twice daily,"dizziness, blurred vision"
Drug_188,General therapeutic medication,100 mg once or twice daily,"nausea, dizziness"
Drug_189,General therapeutic medication,250 mg once or twice daily,"headache, dry mouth"
Drug_190,General therapeutic medication,250 mg once or twice daily,"headache, dry mouth"
Drug_191,General therapeutic medication,250 mg once or twice daily,"fatigue, mild rash"
Drug_192,General therapeutic medication,50 mg once or twice daily,"fatigue, mild rash"
Drug_193,General therapeutic medication,250 mg once or twice daily,"dizziness, blurred vision"
Drug_194,General therapeutic medication,100 mg once or twice daily,"headache, dry mouth"
Drug_195,General therapeutic medication,500 mg once or twice daily,"nausea, dizziness"
Drug_196,General therapeutic medication,200 mg once or twice daily,"headache, dry mouth"
Drug_197,General therapeutic medication,200 mg once or twice daily,"dizziness, blurred vision"
Drug_198,General therapeutic medication,250 mg once or twice daily,"fatigue, mild rash"
Drug_199,General therapeutic medication,500 mg once or twice daily,"dizziness, blurred vision"
Drug_200,General therapeutic medication,50 mg once or twice daily,"stomach pain, nausea"
Drug_201,General therapeutic medication,250 mg once or twice daily,"stomach pain, nausea"
Drug_202,General therapeutic medication,100 mg once or twice daily,"fatigue, mild rash"
Drug_203,General therapeutic medication,200 mg once or twice daily,"stomach pain, nausea"
Drug_204,General therapeutic medication,250 mg once or twice daily,"fatigue, mild rash"
Drug_205,General therapeutic medication,200 mg once or twice daily,"dizziness, blurred vision"
Drug_206,General therapeutic medication,50 mg once or twice daily,"nausea, dizziness"
Drug_207,General therapeutic medication,200 mg once or twice daily,"dizziness, blurred vision"
Drug_208,General therapeutic medication,50 mg once or twice daily,"nausea, dizziness"
Drug_209,General therapeutic medication,50 mg once or twice daily,"dizziness, blurred vision"
Drug_210,General therapeutic medication,250 mg once or twice daily,"stomach pain, nausea"
Drug_211,General therapeutic medication,250 mg once or twice daily,"nausea, dizziness"
Drug_212,General therapeutic medication,200 mg once or twice daily,"dizziness, blurred vision"
Drug_213,General therapeutic medication,250 mg once or twice daily,"stomach pain, nausea"
Drug_214,General therapeutic medication,200 mg once or twice daily,"dizziness, blurred vision"
Drug_215,General therapeutic medication,50 mg once or twice daily,"nausea, dizziness"
Drug_216,General therapeutic medication,50 mg once or twice daily,"dizziness, blurred vision"
Drug_217,General therapeutic medication,500 mg once or twice daily,"stomach pain, nausea"
Drug_218,General therapeutic medication,50 mg once or twice daily,"headache, dry mouth"
Drug_219,General therapeutic medication,50 mg once or twice daily,"dizziness, blurred vision"
Drug_220,General therapeutic medication,250 mg once or twice daily,"dizziness, blurred vision"
Drug_221,General therapeutic medication,500 mg once or twice daily,"dizziness, blurred vision"
Drug_222,General therapeutic medication,100 mg once or twice daily,"stomach pain, nausea"
Drug_223,General therapeutic medication,250 mg once or twice daily,"dizziness, blurred vision"
Drug_224,General therapeutic medication,500 mg once or twice daily,"stomach pain, nausea"
Drug_225,General therapeutic medication,100 mg once or twice daily,"fatigue, mild rash"
Drug_226,General therapeutic medication,100 mg once or twice daily,"nausea, dizziness"
Drug_227,General therapeutic medication,50 mg once or twice daily,"fatigue, mild rash"
Drug_228,General therapeutic medication,250 mg once or twice daily,"headache, dry mouth"
Drug_229,General therapeutic medication,250 mg once or twice daily,"nausea, dizziness"
Drug_230,General therapeutic medication,100 mg once or twice daily,"fatigue, mild rash"
Drug_231,General therapeutic medication,250 mg once or twice daily,"dizziness, blurred vision"
Drug_232,General therapeutic medication,50 mg once or twice daily,"dizziness, blurred vision"
Drug_233,General therapeutic medication,50 mg once or twice daily,"stomach pain, nausea"
Drug_234,General therapeutic medication,50 mg once or twice daily,"headache, dry mouth"
Drug_235,General therapeutic medication,500 mg once or twice daily,"stomach pain, nausea"
Drug_236,General therapeutic medication,50 mg once or twice daily,"dizziness, blurred vision"
Drug_237,General therapeutic medication,100 mg once or twice daily,"headache, dry mouth"
Drug_238,General therapeutic medication,200 mg once or twice daily,"nausea, dizziness"
Drug_239,General therapeutic medication,200 mg once or twice daily,"stomach pain, nausea"
Drug_240,General therapeutic medication,50 mg once or twice daily,"dizziness, blurred vision"
Drug_241,General therapeutic medication,500 mg once or twice daily,"dizziness, blurred vision"
Drug_242,General therapeutic medication,100 mg once or twice daily,"fatigue, mild rash"
Drug_243,General therapeutic medication,250 mg once or twice daily,"headache, dry mouth"
Drug_244,General therapeutic medication,200 mg once or twice daily,"nausea, dizziness"
Drug_245,General therapeutic medication,200 mg once or twice daily,"nausea, dizziness"
Drug_246,General therapeutic medication,50 mg once or twice daily,"nausea, dizziness"
Drug_247,General therapeutic medication,50 mg once or twice daily,"fatigue, mild rash"
Drug_248,General therapeutic medication,250 mg once or twice daily,"dizziness, blurred vision"
Drug_249,General therapeutic medication,100 mg once or twice daily,"stomach pain, nausea"
Drug_250,General therapeutic medication,50 mg once or twice daily,"headache, dry mouth"
Drug_251,General therapeutic medication,500 mg once or twice daily,"dizziness, blurred vision"
Drug_252,General therapeutic medication,500 mg once or twice daily,"fatigue, mild rash"
Drug_253,General therapeutic medication,50 mg once or twice daily,"stomach pain, nausea"
Drug_254,General therapeutic medication,50 mg once or twice daily,"stomach pain, nausea"
Drug_255,General therapeutic medication,200 mg once or twice daily,"dizziness, blurred vision"
Drug_256,General therapeutic medication,50 mg once or twice daily,"headache, dry mouth"
Drug_257,General therapeutic medication,100 mg once or twice daily,"dizziness, blurred vision"
Drug_258,General therapeutic medication,50 mg once or twice daily,"headache, dry mouth"
Drug_259,General therapeutic medication,100 mg once or twice daily,"stomach pain, nausea"
Drug_260,General therapeutic medication,500 mg once or twice daily,"dizziness, blurred vision"
Drug_261,General therapeutic medication,250 mg once or twice daily,"dizziness, blurred vision"
Drug_262,General therapeutic medication,500 mg once or twice daily,"dizziness, blurred vision"
Drug_263,General therapeutic medication,250 mg once or twice daily,"fatigue, mild rash"
Drug_264,General therapeutic medication,50 mg once or twice daily,"stomach pain, nausea"
Drug_265,General therapeutic medication,200 mg once or twice daily,"nausea, dizziness"
Drug_266,General therapeutic medication,100 mg once or twice daily,"stomach pain, nausea"
Drug_267,General therapeutic medication,50 mg once or twice daily,"fatigue, mild rash"
Drug_268,General therapeutic medication,500 mg once or twice daily,"headache, dry mouth"
Drug_269,General therapeutic medication,250 mg once or twice daily,"dizziness, blurred vision"
Drug_270,General therapeutic medication,100 mg once or twice daily,"dizziness, blurred vision"
Drug_271,General therapeutic medication,50 mg once or twice daily,"nausea, dizziness"
Drug_272,General therapeutic medication,100 mg once or twice daily,"headache, dry mouth"
Drug_273,General therapeutic medication,500 mg once or twice daily,"dizziness, blurred vision"
Drug_274,General therapeutic medication,500 mg once or twice daily,"nausea, dizziness"
Drug_275,General therapeutic medication,250 mg once or twice daily,"fatigue, mild rash"
Drug_276,General therapeutic medication,50 mg once or twice daily,"stomach pain, nausea"
Drug_277,General therapeutic medication,100 mg once or twice daily,"dizziness, blurred vision"
Drug_278,General therapeutic medication,200 mg once or twice daily,"dizziness, blurred vision"
Drug_279,General therapeutic medication,250 mg once or twice daily,"fatigue, mild rash"
Drug_280,General therapeutic medication,50 mg once or twice daily,"stomach pain, nausea"
Drug_281,General therapeutic medication,100 mg once or twice daily,"stomach pain, nausea"
Drug_282,General therapeutic medication,200 mg once or twice daily,"stomach pain, nausea"
Drug_283,General therapeutic medication,50 mg once or twice daily,"nausea, dizziness"
Drug_284,General therapeutic medication,250 mg once or twice daily,"dizziness, blurred vision"
Drug_285,General therapeutic medication,50 mg once or twice daily,"headache, dry mouth"
Drug_286,General therapeutic medication,500 mg once or twice daily,"nausea, dizziness"
Drug_287,General therapeutic medication,250 mg once or twice daily,"headache, dry mouth"
Drug_288,General therapeutic medication,100 mg once or twice daily,"fatigue, mild rash"
Drug_289,General therapeutic medication,200 mg once or twice daily,"stomach pain, nausea"
Drug_290,General therapeutic medication,500 mg once or twice daily,"nausea, dizziness"
Drug_291,General therapeutic medication,50 mg once or twice daily,"fatigue, mild rash"
Drug_292,General therapeutic medication,100 mg once or twice daily,"dizziness, blurred vision"
Drug_293,General therapeutic medication,50 mg once or twice daily,"stomach pain, nausea"
Drug_294,General therapeutic medication,250 mg once or twice daily,"headache, dry mouth"
Drug_295,General therapeutic medication,200 mg once or twice daily,"headache, dry mouth"
Drug_296,General therapeutic medication,100 mg once or twice daily,"headache, dry mouth"
Drug_297,General therapeutic medication,200 mg once or twice daily,"nausea, dizziness"
Drug_298,General therapeutic medication,250 mg once or twice daily,"nausea, dizziness"
Drug_299,General therapeutic medication,250 mg once or twice daily,"stomach pain, nausea"
Drug_300,General therapeutic medication,200 mg once or twice daily,"fatigue, mild rash"
Drug_301,General therapeutic medication,50 mg once or twice daily,"headache, dry mouth"
Drug_302,General therapeutic medication,200 mg once or twice daily,"nausea, dizziness"
Drug_303,General therapeutic medication,500 mg once or twice daily,"headache, dry mouth"
Drug_304,General therapeutic medication,100 mg once or twice daily,"dizziness, blurred vision"
Drug_305,General therapeutic medication,500 mg once or twice daily,"fatigue, mild rash"
Drug_306,General therapeutic medication,200 mg once or twice daily,"dizziness, blurred vision"
Drug_307,General therapeutic medication,200 mg once or twice daily,"headache, dry mouth"
Drug_308,General therapeutic medication,100 mg once or twice daily,"nausea, dizziness"
Drug_309,General therapeutic medication,500 mg once or twice daily,"fatigue, mild rash"
Drug_310,General therapeutic medication,500 mg once or twice daily,"headache, dry mouth"
Drug_311,General therapeutic medication,100 mg once or twice daily,"fatigue, mild rash"
Drug_312,General therapeutic medication,250 mg once or twice daily,"stomach pain, nausea"
Drug_313,General therapeutic medication,50 mg once or twice daily,"headache, dry mouth"
Drug_314,General therapeutic medication,200 mg once or twice daily,"nausea, dizziness"
Drug_315,General therapeutic medication,500 mg once or twice daily,"headache, dry mouth"
Drug_316,General therapeutic medication,500 mg once or twice daily,"dizziness, blurred vision"
Drug_317,General therapeutic medication,250 mg once or twice daily,"headache, dry mouth"
Drug_318,General therapeutic medication,100 mg once or twice daily,"dizziness, blurred vision"
Drug_319,General therapeutic medication,500 mg once or twice daily,"fatigue, mild rash"
Drug_320,General therapeutic medication,250 mg once or twice daily,"stomach pain, nausea"
Drug_321,General therapeutic medication,500 mg once or twice daily,"fatigue, mild rash"
Drug_322,General therapeutic medication,500 mg once or twice daily,"stomach pain, nausea"
Drug_323,General therapeutic medication,100 mg once or twice daily,"dizziness, blurred vision"
Drug_324,General therapeutic medication,250 mg once or twice daily,"headache, dry mouth"
Drug_325,General therapeutic medication,500 mg once or twice daily,"headache, dry mouth"
Drug_326,General therapeutic medication,250 mg once or twice daily,"stomach pain, nausea"
Drug_327,General therapeutic medication,200 mg once or twice daily,"nausea, dizziness"
Drug_328,General therapeutic medication,100 mg once or twice daily,"headache, dry mouth"
Drug_329,General therapeutic medication,200 mg once or twice daily,"nausea, dizziness"
Drug_330,General therapeutic medication,100 mg once or twice daily,"nausea, dizziness"
Drug_331,General therapeutic medication,50 mg once or twice daily,"dizziness, blurred vision"
Drug_332,General therapeutic medication,250 mg once or twice daily,"headache, dry mouth"
Drug_333,General therapeutic medication,200 mg once or twice daily,"nausea, dizziness"
Drug_334,General therapeutic medication,50 mg once or twice daily,"nausea, dizziness"
Drug_335,General therapeutic medication,500 mg once or twice daily,"nausea, dizziness"
Drug_336,General therapeutic medication,50 mg once or twice daily,"nausea, dizziness"
Drug_337,General therapeutic medication,500 mg once or twice daily,"fatigue, mild rash"
Drug_338,General therapeutic medication,200 mg once or twice daily,"nausea, dizziness"
Drug_339,General therapeutic medication,200 mg once or twice daily,"nausea, dizziness"
Drug_340,General therapeutic medication,250 mg once or twice daily,"dizziness, blurred vision"
Drug_341,General therapeutic medication,250 mg once or twice daily,"headache, dry mouth"
Drug_342,General therapeutic medication,50 mg once or twice daily,"dizziness, blurred vision"
Drug_343,General therapeutic medication,50 mg once or twice daily,"dizziness, blurred vision"
Drug_344,General therapeutic medication,500 mg once or twice daily,"nausea, dizziness"
Drug_345,General therapeutic medication,50 mg once or twice daily,"headache, dry mouth"
Drug_346,General therapeutic medication,250 mg once or twice daily,"stomach pain, nausea"
Drug_347,General therapeutic medication,50 mg once or twice daily,"fatigue, mild rash"
Drug_348,General therapeutic medication,50 mg once or twice daily,"dizziness, blurred vision"
Drug_349,General therapeutic medication,100 mg once or twice daily,"fatigue, mild rash"
Drug_350,General therapeutic medication,500 mg once or twice daily,"fatigue, mild rash"
Drug_351,General therapeutic medication,500 mg once or twice daily,"stomach pain, nausea"
Drug_352,General therapeutic medication,100 mg once or twice daily,"fatigue, mild rash"
Drug_353,General therapeutic medication,100 mg once or twice daily,"stomach pain, nausea"
Drug_354,General therapeutic medication,50 mg once or twice daily,"headache, dry mouth"
Drug_355,General therapeutic medication,50 mg once or twice daily,"stomach pain, nausea"
Drug_356,General therapeutic medication,250 mg once or twice daily,"nausea, dizziness"
Drug_357,General therapeutic medication,500 mg once or twice daily,"nausea, dizziness"
Drug_358,General therapeutic medication,200 mg once or twice daily,"fatigue, mild rash"
Drug_359,General therapeutic medication,500 mg once or twice daily,"dizziness, blurred vision"
Drug_360,General therapeutic medication,250 mg once or twice daily,"fatigue, mild rash"
Drug_361,General therapeutic medication,100 mg once or twice daily,"nausea, dizziness"
Drug_362,General therapeutic medication,500 mg once or twice daily,"headache, dry mouth"
Drug_363,General therapeutic medication,100 mg once or twice daily,"fatigue, mild rash"
Drug_364,General therapeutic medication,100 mg once or twice daily,"dizziness, blurred vision"
Drug_365,General therapeutic medication,100 mg once or twice daily,"stomach pain, nausea"
Drug_366,General therapeutic medication,200 mg once or twice daily,"nausea, dizziness"
Drug_367,General therapeutic medication,250 mg once or twice daily,"stomach pain, nausea"
Drug_368,General therapeutic medication,500 mg once or twice daily,"headache, dry mouth"
Drug_369,General therapeutic medication,100 mg once or twice daily,"nausea, dizziness"
Drug_370,General therapeutic medication,50 mg once or twice daily,"dizziness, blurred vision"
Drug_371,General therapeutic medication,500 mg once or twice daily,"dizziness, blurred vision"
Drug_372,General therapeutic medication,200 mg once or twice daily,"headache, dry mouth"
Drug_373,General therapeutic medication,250 mg once or twice daily,"dizziness, blurred vision"
Drug_374,General therapeutic medication,100 mg once or twice daily,"dizziness, blurred vision"
Drug_375,General therapeutic medication,50 mg once or twice daily,"fatigue, mild rash"
Drug_376,General therapeutic medication,100 mg once or twice daily,"fatigue, mild rash"
Drug_377,General therapeutic medication,250 mg once or twice daily,"headache, dry mouth"
Drug_378,General therapeutic medication,100 mg once or twice daily,"dizziness, blurred vision"
Drug_379,General therapeutic medication,500 mg once or twice daily,"fatigue, mild rash"
Drug_380,General therapeutic medication,500 mg once or twice daily,"dizziness, blurred vision"
Drug_381,General therapeutic medication,100 mg once or twice daily,"dizziness, blurred vision"
Drug_382,General therapeutic medication,500 mg once or twice daily,"dizziness, blurred vision"
Drug_383,General therapeutic medication,250 mg once or twice daily,"dizziness, blurred vision"
Drug_384,General therapeutic medication,100 mg once or twice daily,"fatigue, mild rash"
Drug_385,General therapeutic medication,500 mg once or twice daily,"dizziness, blurred vision"
Drug_386,General therapeutic medication,100 mg once or twice daily,"stomach pain, nausea"
Drug_387,General therapeutic medication,100 mg once or twice daily,"fatigue, mild rash"
Drug_388,General therapeutic medication,250 mg once or twice daily,"nausea, dizziness"
Drug_389,General therapeutic medication,200 mg once or twice daily,"nausea, dizziness"
Drug_390,General therapeutic medication,250 mg once or twice daily,"nausea, dizziness"
Drug_391,General therapeutic medication,500 mg once or twice daily,"headache, dry mouth"
Drug_392,General therapeutic medication,200 mg once or twice daily,"nausea, dizziness"
Drug_393,General therapeutic medication,200 mg once or twice daily,"headache, dry mouth"
Drug_394,General therapeutic medication,500 mg once or twice daily,"dizziness, blurred vision"
Drug_395,General therapeutic medication,50 mg once or twice daily,"fatigue, mild rash"
Drug_396,General therapeutic medication,50 mg once or twice daily,"fatigue, mild rash"
Drug_397,General therapeutic medication,50 mg once or twice daily,"stomach pain, nausea"
Drug_398,General therapeutic medication,500 mg once or twice daily,"nausea, dizziness"
Drug_399,General therapeutic medication,200 mg once or twice daily,"fatigue, mild rash"
Drug_400,General therapeutic medication,500 mg once or twice daily,"headache, dry mouth"
Drug_401,General therapeutic medication,200 mg once or twice daily,"headache, dry mouth"
Drug_402,General therapeutic medication,100 mg once or twice daily,"fatigue, mild rash"
Drug_403,General therapeutic medication,100 mg once or twice daily,"headache, dry mouth"
Drug_404,General therapeutic medication,200 mg once or twice daily,"dizziness, blurred vision"
Drug_405,General therapeutic medication,250 mg once or twice daily,"stomach pain, nausea"
Drug_406,General therapeutic medication,250 mg once or twice daily,"stomach pain, nausea"
Drug_407,General therapeutic medication,500 mg once or twice daily,"headache, dry mouth"
Drug_408,General therapeutic medication,200 mg once or twice daily,"stomach pain, nausea"
Drug_409,General therapeutic medication,100 mg once or twice daily,"fatigue, mild rash"
Drug_410,General therapeutic medication,50 mg once or twice daily,"dizziness, blurred vision"
Drug_411,General therapeutic medication,100 mg once or twice daily,"fatigue, mild rash"
Drug_412,General therapeutic medication,50 mg once or twice daily,"dizziness, blurred vision"
Drug_413,General therapeutic medication,500 mg once or twice daily,"stomach pain, nausea"
Drug_414,General therapeutic medication,250 mg once or twice daily,"stomach pain, nausea"
Drug_415,General therapeutic medication,50 mg once or twice daily,"headache, dry mouth"
Drug_416,General therapeutic medication,50 mg once or twice daily,"headache, dry mouth"
Drug_417,General therapeutic medication,100 mg once or twice daily,"headache, dry mouth"
Drug_418,General therapeutic medication,50 mg once or twice daily,"stomach pain, nausea"
Drug_419,General therapeutic medication,200 mg once or twice daily,"dizziness, blurred vision"
Drug_420,General therapeutic medication,500 mg once or twice daily,"dizziness, blurred vision"
Drug_421,General therapeutic medication,250 mg once or twice daily,"headache, dry mouth"
Drug_422,General therapeutic medication,250 mg once or twice daily,"stomach pain, nausea"
Drug_423,General therapeutic medication,200 mg once or twice daily,"fatigue, mild rash"
Drug_424,General therapeutic medication,500 mg once or twice daily,"nausea, dizziness"
Drug_425,General therapeutic medication,50 mg once or twice daily,"fatigue, mild rash"
Drug_426,General therapeutic medication,250 mg once or twice daily,"dizziness, blurred vision"
Drug_427,General therapeutic medication,50 mg once or twice daily,"headache, dry mouth"
Drug_428,General therapeutic medication,500 mg once or twice daily,"fatigue, mild rash"
Drug_429,General therapeutic medication,250 mg once or twice daily,"stomach pain, nausea"
Drug_430,General therapeutic medication,500 mg once or twice daily,"dizziness, blurred vision"
Drug_431,General therapeutic medication,200 mg once or twice daily,"fatigue, mild rash"
Drug_432,General therapeutic medication,100 mg once or twice daily,"dizziness, blurred vision"
Drug_433,General therapeutic medication,250 mg once or twice daily,"stomach pain, nausea"
Drug_434,General therapeutic medication,100 mg once or twice daily,"headache, dry mouth"
Drug_435,General therapeutic medication,50 mg once or twice daily,"dizziness, blurred vision"
Drug_436,General therapeutic medication,500 mg once or twice daily,"nausea, dizziness"
Drug_437,General therapeutic medication,500 mg once or twice daily,"headache, dry mouth"
Drug_438,General therapeutic medication,100 mg once or twice daily,"headache, dry mouth"
Drug_439,General therapeutic medication,200 mg once or twice daily,"stomach pain, nausea"
Drug_440,General therapeutic medication,200 mg once or twice daily,"fatigue, mild rash"
Drug_441,General therapeutic medication,100 mg once or twice daily,"fatigue, mild rash"
Drug_442,General therapeutic medication,500 mg once or twice daily,"headache, dry mouth"
Drug_443,General therapeutic medication,50 mg once or twice daily,"dizziness, blurred vision"
Drug_444,General therapeutic medication,250 mg once or twice daily,"nausea, dizziness"
Drug_445,General therapeutic medication,200 mg once or twice daily,"nausea, dizziness"
Drug_446,General therapeutic medication,500 mg once or twice daily,"stomach pain, nausea"
Drug_447,General therapeutic medication,100 mg once or twice daily,"stomach pain, nausea"
Drug_448,General therapeutic medication,50 mg once or twice daily,"stomach pain, nausea"
Drug_449,General therapeutic medication,100 mg once or twice daily,"fatigue, mild rash"
Drug_450,General therapeutic medication,250 mg once or twice daily,"headache, dry mouth"
Drug_451,General therapeutic medication,100 mg once or twice daily,"nausea, dizziness"
Drug_452,General therapeutic medication,100 mg once or twice daily,"headache, dry mouth"
Drug_453,General therapeutic medication,100 mg once or twice daily,"dizziness, blurred vision"
Drug_454,General therapeutic medication,500 mg once or twice daily,"stomach pain, nausea"
Drug_455,General therapeutic medication,250 mg once or twice daily,"nausea, dizziness"
Drug_456,General therapeutic medication,200 mg once or twice daily,"headache, dry mouth"
Drug_457,General therapeutic medication,50 mg once or twice daily,"stomach pain, nausea"
Drug_458,General therapeutic medication,200 mg once or twice daily,"nausea, dizziness"
Drug_459,General therapeutic medication,250 mg once or twice daily,"headache, dry mouth"
Drug_460,General therapeutic medication,500 mg once or twice daily,"nausea, dizziness"
Drug_461,General therapeutic medication,50 mg once or twice daily,"headache, dry mouth"
Drug_462,General therapeutic medication,250 mg once or twice daily,"dizziness, blurred vision"
Drug_463,General therapeutic medication,50 mg once or twice daily,"nausea, dizziness"
Drug_464,General therapeutic medication,200 mg once or twice daily,"stomach pain, nausea"
Drug_465,General therapeutic medication,250 mg once or twice daily,"nausea, dizziness"
Drug_466,General therapeutic medication,500 mg once or twice daily,"nausea, dizziness"
Drug_467,General therapeutic medication,50 mg once or twice daily,"nausea, dizziness"
Drug_468,General therapeutic medication,250 mg once or twice daily,"fatigue, mild rash"
Drug_469,General therapeutic medication,50 mg once or twice daily,"nausea, dizziness"
Drug_470,General therapeutic medication,100 mg once or twice daily,"dizziness, blurred vision"
Drug_471,General therapeutic medication,500 mg once or twice daily,"fatigue, mild rash"
Drug_472,General therapeutic medication,50 mg once or twice daily,"nausea, dizziness"
Drug_473,General therapeutic medication,500 mg once or twice daily,"fatigue, mild rash"
Drug_474,General therapeutic medication,50 mg once or twice daily,"fatigue, mild rash"
Drug_475,General therapeutic medication,200 mg once or twice daily,"dizziness, blurred vision"
Drug_476,General therapeutic medication,50 mg once or twice daily,"dizziness, blurred vision"
Drug_477,General therapeutic medication,100 mg once or twice daily,"dizziness, blurred vision"
Drug_478,General therapeutic medication,100 mg once or twice daily,"headache, dry mouth"
Drug_479,General therapeutic medication,100 mg once or twice daily,"dizziness, blurred vision"
Drug_480,General therapeutic medication,250 mg once or twice daily,"dizziness, blurred vision"
Drug_481,General therapeutic medication,500 mg once or twice daily,"stomach pain, nausea"
Drug_482,General therapeutic medication,250 mg once or twice daily,"nausea, dizziness"
Drug_483,General therapeutic medication,100 mg once or twice daily,"fatigue, mild rash"
Drug_484,General therapeutic medication,250 mg once or twice daily,"fatigue, mild rash"
Drug_485,General therapeutic medication,250 mg once or twice daily,"stomach pain, nausea"
Drug_486,General therapeutic medication,250 mg once or twice daily,"nausea, dizziness"
Drug_487,General therapeutic medication,500 mg once or twice daily,"dizziness, blurred vision"
Drug_488,General therapeutic medication,50 mg once or twice daily,"stomach pain, nausea"
Drug_489,General therapeutic medication,100 mg once or twice daily,"stomach pain, nausea"
Drug_490,General therapeutic medication,50 mg once or twice daily,"headache, dry mouth"
Drug_491,General therapeutic medication,200 mg once or twice daily,"headache, dry mouth"
Drug_492,General therapeutic medication,50 mg once or twice daily,"dizziness, blurred vision"
Drug_493,General therapeutic medication,50 mg once or twice daily,"headache, dry mouth"
Drug_494,General therapeutic medication,100 mg once or twice daily,"stomach pain, nausea"
Drug_495,General therapeutic medication,250 mg once or twice daily,"fatigue, mild rash"
Drug_496,General therapeutic medication,250 mg once or twice daily,"nausea, dizziness"
Drug_497,General therapeutic medication,250 mg once or twice daily,"stomach pain, nausea"
Drug_498,General therapeutic medication,100 mg once or twice daily,"headache, dry mouth"
Drug_499,General therapeutic medication,50 mg once or twice daily,"dizziness, blurred vision"
Drug_500,General therapeutic medication,200 mg once or twice daily,"dizziness, blurred vision"
